idEmpleado, dpiEmpleado,nombreEmpleado,edadEmpleado
0,52236666,prueba,35
2,201913258,Mariano Ronald Arevalo,22
8,556977777,Carlos Fransico Barillas,26
9,122045444,Linda Fabiola Santos,32
1,201742122,Hosny Omar Alonzo,19
5,201291277,Cesar Agusto Guerra,26
1069,54633224,Juan Mariano Diaz,36
1252,71236997,Vinicio Arturo Ramirez,29
8124,2223625,Arturo Vinicio Barrios,34
1985,78781111,Mildred Eugenia Velasquez,28
6966,56000222,Claudia Maria Figueroa,27
7145,23600000,Magin Alberto Garcia,30
9682,78952000,Jandry Gabriela Escobar,29
8556,78411444,Debora Fabiola Molina,28
